"id";"Hiippakunta";"HPK_koodi";"Kunta";"Kunta_nro";"Rovastikunta";"RVK_koodi";"Seurakunta";"Seurakuntatalous";"SRK_koodi";"SRKT_koodi"
1;"Turku";"H00001";"KAARINA";"202";"Turun tuomiorvk";"R00001";"Piikkiö";"Turun ja Kaarinan srky-Åbo och St.Karins ksamf";"000091";"000839"
2;"Turku";"H00001";"KAARINA";"202";"Turun tuomiorvk";"R00001";"Kaarina";"Turun ja Kaarinan srky-Åbo och St.Karins ksamf";"000587";"000839"
3;"Turku";"H00001";"KAARINA,TURKU";"202.853";"Turun tuomiorvk";"R00001";"Turun ja Kaarinan srky-Åbo och St.Karins ksamf";"Turun ja Kaarinan srky-Åbo och St.Karins ksamf";"000839";"000839"
4;"Turku";"H00001";"TURKU";"853";"Turun tuomiorvk";"R00001";"Paattinen";"Turun ja Kaarinan srky-Åbo och St.Karins ksamf";"000086";"000839"
5;"Turku";"H00001";"TURKU";"853";"Turun tuomiorvk";"R00001";"Turun Tuomiokirkko";"Turun ja Kaarinan srky-Åbo och St.Karins ksamf";"000116";"000839"
6;"Turku";"H00001";"TURKU";"853";"Turun tuomiorvk";"R00001";"Turun Martti";"Turun ja Kaarinan srky-Åbo och St.Karins ksamf";"000117";"000839"
7;"Turku";"H00001";"TURKU";"853";"Turun tuomiorvk";"R00001";"Turun Mikael";"Turun ja Kaarinan srky-Åbo och St.Karins ksamf";"000118";"000839"
8;"Turku";"H00001";"TURKU";"853";"Turun tuomiorvk";"R00001";"Turun Henrik";"Turun ja Kaarinan srky-Åbo och St.Karins ksamf";"000119";"000839"
9;"Turku";"H00001";"TURKU";"853";"Turun tuomiorvk";"R00001";"Turun Katariina";"Turun ja Kaarinan srky-Åbo och St.Karins ksamf";"000120";"000839"
10;"Turku";"H00001";"TURKU";"853";"Turun tuomiorvk";"R00001";"Maaria";"Turun ja Kaarinan srky-Åbo och St.Karins ksamf";"000121";"000839"
11;"Turku";"H00001";"MASKU";"481";"Naantali";"R00002";"Masku";"Masku";"000072";"000072"
12;"Turku";"H00001";"MYNÄMÄKI";"503";"Naantali";"R00002";"Mynämäki";"Mynämäki";"000080";"000080"
13;"Turku";"H00001";"NOUSIAINEN";"538";"Naantali";"R00002";"Nousiainen";"Nousiainen";"000084";"000084"
14;"Turku";"H00001";"RAISIO";"680";"Naantali";"R00002";"Raisio";"Raisio";"000101";"000101"
15;"Turku";"H00001";"RUSKO";"704";"Naantali";"R00002";"Rusko";"Rusko";"000104";"000104"
16;"Turku";"H00001";"NAANTALI";"529";"Naantali";"R00002";"Merimasku";"Naantalin srky";"000075";"004004"
17;"Turku";"H00001";"NAANTALI";"529";"Naantali";"R00002";"Naantali";"Naantalin srky";"000081";"004004"
18;"Turku";"H00001";"NAANTALI";"529";"Naantali";"R00002";"Rymättylä";"Naantalin srky";"000105";"004004"
19;"Turku";"H00001";"NAANTALI";"529";"Naantali";"R00002";"Naantalin srky";"Naantalin srky";"004004";"004004"
20;"Turku";"H00001";"AURA";"19";"Paimio";"R00003";"Aura";"Aura";"000035";"000035"
21;"Turku";"H00001";"LIETO";"423";"Paimio";"R00003";"Lieto";"Lieto";"000066";"000066"
22;"Turku";"H00001";"PAIMIO";"577";"Paimio";"R00003";"Paimio";"Paimio";"000087";"000087"
23;"Turku";"H00001";"SAUVO";"738";"Paimio";"R00003";"Sauvo-Karuna";"Sauvo-Karuna";"000107";"000107"
24;"Turku";"H00001";"PARAINEN";"445";"Paimio";"R00003";"Länsi-Turunmaa";"Pargas ksamf-Paraisten srky";"001009";"000827"
25;"Turku";"H00001";"SALO";"734";"Paimio";"R00003";"Salo";"Salo";"001001";"001001"
26;"Turku";"H00001";"KUSTAVI";"304";"Vehmaa";"R00005";"Kustavi";"Kustavi";"000059";"000059"
27;"Turku";"H00001";"LAITILA";"400";"Vehmaa";"R00005";"Laitila";"Laitila";"000062";"000062"
28;"Turku";"H00001";"PYHÄRANTA";"631";"Vehmaa";"R00005";"Pyhäranta";"Pyhäranta";"000099";"000099"
29;"Turku";"H00001";"TAIVASSALO";"833";"Vehmaa";"R00005";"Taivassalo";"Taivassalo";"000114";"000114"
30;"Turku";"H00001";"UUSIKAUPUNKI";"895";"Vehmaa";"R00005";"Uusikaupunki";"Uusikaupunki";"000124";"000124"
31;"Turku";"H00001";"VEHMAA";"918";"Vehmaa";"R00005";"Vehmaa";"Vehmaa";"000127";"000127"
32;"Turku";"H00001";"KANKAANPÄÄ";"214";"Pori";"R00007";"Kankaanpää";"Kankaanpää";"000044";"000044"
33;"Turku";"H00001";"MERIKARVIA";"484";"Pori";"R00007";"Merikarvia";"Merikarvia";"000074";"000074"
34;"Turku";"H00001";"POMARKKU";"608";"Pori";"R00007";"Pomarkku";"Pomarkku";"000092";"000092"
35;"Turku";"H00001";"SIIKAINEN";"747";"Pori";"R00007";"Siikainen";"Siikainen";"000108";"000108"
36;"Turku";"H00001";"ULVILA";"886";"Pori";"R00007";"Ulvila";"Ulvila";"000123";"000123"
37;"Turku";"H00001";"PORI";"609";"Pori";"R00007";"Lavia";"Porin ev.lut.srky";"000064";"000830"
38;"Turku";"H00001";"PORI";"609";"Pori";"R00007";"Noormarkku";"Porin ev.lut.srky";"000083";"000830"
39;"Turku";"H00001";"PORI";"609";"Pori";"R00007";"Keski-Pori";"Porin ev.lut.srky";"000093";"000830"
40;"Turku";"H00001";"PORI";"609";"Pori";"R00007";"Länsi-Pori";"Porin ev.lut.srky";"000094";"000830"
41;"Turku";"H00001";"PORI";"609";"Pori";"R00007";"Teljä";"Porin ev.lut.srky";"000096";"000830"
42;"Turku";"H00001";"PORI";"609";"Pori";"R00007";"Porin ev.lut.srky";"Porin ev.lut.srky";"000830";"000830"
43;"Turku";"H00001";"PORI";"609";"Pori";"R00007";"Meri-Pori";"Porin ev.lut.srky";"001018";"000830"
44;"Turku";"H00001";"KOSKITL";"284";"Loimaa";"R00009";"Koski Tl";"Koski Tl";"000057";"000057"
45;"Turku";"H00001";"MARTTILA";"480";"Loimaa";"R00009";"Marttila";"Marttila";"000071";"000071"
46;"Turku";"H00001";"ORIPÄÄ,PÖYTYÄ";"561.636";"Loimaa";"R00009";"Pöytyä";"Pöytyä";"000100";"000100"
47;"Turku";"H00001";"LOIMAA";"430";"Loimaa";"R00009";"Loimaa";"Loimaa";"000607";"000607"
48;"Turku";"H00001";"EURA";"50";"Ala-Satakunta";"R00085";"Eura";"Eura";"000036";"000036"
49;"Turku";"H00001";"EURAJOKI";"51";"Ala-Satakunta";"R00085";"Eurajoki";"Eurajoki";"000037";"000037"
50;"Turku";"H00001";"HARJAVALTA";"79";"Ala-Satakunta";"R00085";"Harjavalta";"Harjavalta";"000039";"000039"
51;"Turku";"H00001";"HUITTINEN";"102";"Ala-Satakunta";"R00085";"Huittinen";"Huittinen";"000042";"000042"
52;"Turku";"H00001";"KOKEMÄKI";"271";"Ala-Satakunta";"R00085";"Kokemäki";"Kokemäki";"000056";"000056"
53;"Turku";"H00001";"NAKKILA";"531";"Ala-Satakunta";"R00085";"Nakkila";"Nakkila";"000082";"000082"
54;"Turku";"H00001";"PUNKALAIDUN";"619";"Ala-Satakunta";"R00085";"Punkalaidun";"Punkalaidun";"000097";"000097"
55;"Turku";"H00001";"RAUMA";"684";"Ala-Satakunta";"R00085";"Rauma";"Rauma";"000102";"000102"
56;"Turku";"H00001";"SASTAMALA";"790";"Ala-Satakunta";"R00085";"Sastamala";"Sastamala";"001003";"001003"
57;"Turku";"H00001";"SÄKYLÄ";"783";"Ala-Satakunta";"R00085";"Säkylä-Köyliö";"Säkylä-Köyliö";"001022";"001022"
58;"Tampere";"H00002";"TAMPERE";"837";"Tampereen tuomiorvk";"R00012";"Tampereen Harju";"Tampereen ev.lut.srky-Tammerfors ev.luth.ksamf";"000189";"000837"
59;"Tampere";"H00002";"TAMPERE";"837";"Tampereen tuomiorvk";"R00012";"Tampereen ev.lut.srky-Tammerfors ev.luth.ksamf";"Tampereen ev.lut.srky-Tammerfors ev.luth.ksamf";"000837";"000837"
60;"Tampere";"H00002";"TAMPERE";"837";"Tampereen tuomiorvk";"R00012";"Tampereen Tuomiokirkko";"Tampereen ev.lut.srky-Tammerfors ev.luth.ksamf";"001015";"000837"
61;"Tampere";"H00002";"TAMPERE";"837";"Tampereen tuomiorvk";"R00012";"Tampereen Eteläinen";"Tampereen ev.lut.srky-Tammerfors ev.luth.ksamf";"001016";"000837"
62;"Tampere";"H00002";"TAMPERE";"837";"Tampereen tuomiorvk";"R00012";"Messukylä";"Tampereen ev.lut.srky-Tammerfors ev.luth.ksamf";"001017";"000837"
63;"Tampere";"H00002";"HATTULA";"82";"Hämeenlinna";"R00013";"Hattula";"Hattula";"000135";"000135"
64;"Tampere";"H00002";"HÄMEENLINNA";"109";"Hämeenlinna";"R00013";"Hauho";"Hämeenlinnan srky";"000136";"004005"
65;"Tampere";"H00002";"HÄMEENLINNA";"109";"Hämeenlinna";"R00013";"Kalvola";"Hämeenlinnan srky";"000149";"004005"
66;"Tampere";"H00002";"HÄMEENLINNA";"109";"Hämeenlinna";"R00013";"Lammi";"Hämeenlinnan srky";"000164";"004005"
67;"Tampere";"H00002";"HÄMEENLINNA";"109";"Hämeenlinna";"R00013";"Tuulos";"Hämeenlinnan srky";"000192";"004005"
68;"Tampere";"H00002";"HÄMEENLINNA";"109";"Hämeenlinna";"R00013";"Hämeenlinna-Vanaja";"Hämeenlinnan srky";"000644";"004005"
69;"Tampere";"H00002";"HÄMEENLINNA";"109";"Hämeenlinna";"R00013";"Hämeenlinnan srky";"Hämeenlinnan srky";"004005";"004005"
70;"Tampere";"H00002";"AKAA";"20";"Sääksmäki";"R00015";"Akaa";"Akaa";"000131";"000131"
71;"Tampere";"H00002";"KANGASALA";"211";"Sääksmäki";"R00015";"Kangasala";"Kangasala";"000150";"000150"
72;"Tampere";"H00002";"LEMPÄÄLÄ";"418";"Sääksmäki";"R00015";"Lempäälä";"Lempäälä";"000165";"000165"
73;"Tampere";"H00002";"PÄLKÄNE";"635";"Sääksmäki";"R00015";"Pälkäne";"Pälkäne";"000174";"000174"
74;"Tampere";"H00002";"VALKEAKOSKI";"908";"Sääksmäki";"R00015";"Sääksmäki";"Sääksmäki";"000181";"000181"
75;"Tampere";"H00002";"URJALA";"887";"Sääksmäki";"R00015";"Urjala";"Urjala";"000194";"000194"
76;"Tampere";"H00002";"VESILAHTI";"922";"Sääksmäki";"R00015";"Vesilahti";"Vesilahti";"000197";"000197"
77;"Tampere";"H00002";"HAUSJÄRVI";"86";"Janakkala";"R00016";"Hausjärvi";"Hausjärvi";"000137";"000137"
78;"Tampere";"H00002";"JANAKKALA";"165";"Janakkala";"R00016";"Janakkala";"Janakkala";"000143";"000143"
79;"Tampere";"H00002";"LOPPI";"433";"Janakkala";"R00016";"Loppi";"Loppi";"000166";"000166"
80;"Tampere";"H00002";"RIIHIMÄKI";"694";"Janakkala";"R00016";"Riihimäki";"Riihimäki";"000176";"000176"
81;"Tampere";"H00002";"ORIMATTILA";"560";"Hollola";"R00017";"Orimattila";"Orimattila";"000022";"000022"
82;"Tampere";"H00002";"ASIKKALA";"16";"Hollola";"R00017";"Asikkala";"Asikkala";"000132";"000132"
83;"Tampere";"H00002";"HOLLOLA,KUHMOINEN,KÄRKÖLÄ,PADASJOKI";"98,291,316,576";"Hollola";"R00017";"Hollola";"Hollola";"000138";"000138"
84;"Tampere";"H00002";"LAHTI";"398";"Hollola";"R00017";"Keski-Lahti";"Lahden srky";"000160";"000820"
85;"Tampere";"H00002";"LAHTI";"398";"Hollola";"R00017";"Laune";"Lahden srky";"000161";"000820"
86;"Tampere";"H00002";"LAHTI";"398";"Hollola";"R00017";"Joutjärvi";"Lahden srky";"000162";"000820"
87;"Tampere";"H00002";"LAHTI";"398";"Hollola";"R00017";"Salpausselkä";"Lahden srky";"000163";"000820"
88;"Tampere";"H00002";"LAHTI";"398";"Hollola";"R00017";"Nastola";"Lahden srky";"000169";"000820"
89;"Tampere";"H00002";"LAHTI";"398";"Hollola";"R00017";"Lahden srky";"Lahden srky";"000820";"000820"
90;"Tampere";"H00002";"JÄMSÄ";"182";"Ruovesi";"R00019";"Jämsä";"Jämsä";"000147";"000147"
91;"Tampere";"H00002";"JUUPAJOKI,ORIVESI";"177.562";"Ruovesi";"R00019";"Orivesi";"Orivesi";"000171";"000171"
92;"Tampere";"H00002";"RUOVESI";"702";"Ruovesi";"R00019";"Ruovesi";"Ruovesi";"000177";"000177"
93;"Tampere";"H00002";"MÄNTTÄ-VILPPULA";"508";"Ruovesi";"R00019";"Mänttä-Vilppula";"Mänttä-Vilppula";"001004";"001004"
94;"Tampere";"H00002";"HÄMEENKYRÖ";"108";"Hämeenkyrö";"R00020";"Hämeenkyrö";"Hämeenkyrö";"000140";"000140"
95;"Tampere";"H00002";"IKAALINEN";"143";"Hämeenkyrö";"R00020";"Ikaalinen";"Ikaalinen";"000142";"000142"
96;"Tampere";"H00002";"JÄMIJÄRVI";"181";"Hämeenkyrö";"R00020";"Jämijärvi";"Jämijärvi";"000146";"000146"
97;"Tampere";"H00002";"NOKIA";"536";"Hämeenkyrö";"R00020";"Nokia";"Nokia";"000170";"000170"
98;"Tampere";"H00002";"PIRKKALA";"604";"Hämeenkyrö";"R00020";"Pirkkala";"Pirkkala";"000173";"000173"
99;"Tampere";"H00002";"YLÖJÄRVI";"980";"Hämeenkyrö";"R00020";"Ylöjärvi";"Ylöjärvi";"000200";"000200"
100;"Tampere";"H00002";"FORSSA";"61";"Tammela";"R00021";"Forssa";"Forssa";"000134";"000134"
101;"Tampere";"H00002";"HUMPPILA";"103";"Tammela";"R00021";"Humppila";"Humppila";"000139";"000139"
102;"Tampere";"H00002";"JOKIOINEN";"169";"Tammela";"R00021";"Jokioinen";"Jokioinen";"000144";"000144"
103;"Tampere";"H00002";"SOMERO";"761";"Tammela";"R00021";"Somero";"Somero";"000180";"000180"
104;"Tampere";"H00002";"TAMMELA";"834";"Tammela";"R00021";"Tammela";"Tammela";"000182";"000182"
105;"Tampere";"H00002";"YPÄJÄ";"981";"Tammela";"R00021";"Ypäjä";"Ypäjä";"000201";"000201"
106;"Oulu";"H00003";"II";"139";"Oulun tuomiorvk";"R00022";"Ii";"Ii";"000211";"000211"
107;"Oulu";"H00003";"OULU";"564";"Oulun tuomiorvk";"R00022";"Haukipudas";"Oulun ev.lut.srky";"000209";"000826"
108;"Oulu";"H00003";"OULU";"564";"Oulun tuomiorvk";"R00022";"Kiiminki";"Oulun ev.lut.srky";"000222";"000826"
109;"Oulu";"H00003";"OULU";"564";"Oulun tuomiorvk";"R00022";"Oulunsalo";"Oulun ev.lut.srky";"000242";"000826"
110;"Oulu";"H00003";"OULU";"564";"Oulun tuomiorvk";"R00022";"Tuira";"Oulun ev.lut.srky";"000600";"000826"
111;"Oulu";"H00003";"OULU";"564";"Oulun tuomiorvk";"R00022";"Karjasilta";"Oulun ev.lut.srky";"000601";"000826"
112;"Oulu";"H00003";"OULU";"564";"Oulun tuomiorvk";"R00022";"Oulun Tuomiokirkko";"Oulun ev.lut.srky";"000602";"000826"
113;"Oulu";"H00003";"OULU";"564";"Oulun tuomiorvk";"R00022";"Oulujoki";"Oulun ev.lut.srky";"000603";"000826"
114;"Oulu";"H00003";"OULU";"564";"Oulun tuomiorvk";"R00022";"Oulun ev.lut.srky";"Oulun ev.lut.srky";"000826";"000826"
115;"Oulu";"H00003";"HAILUOTO";"72";"Liminka";"R00023";"Hailuoto";"Hailuoto";"000207";"000207"
116;"Oulu";"H00003";"KEMPELE";"244";"Liminka";"R00023";"Kempele";"Kempele";"000220";"000220"
117;"Oulu";"H00003";"LIMINKA";"425";"Liminka";"R00023";"Liminka";"Liminka";"000231";"000231"
118;"Oulu";"H00003";"LUMIJOKI";"436";"Liminka";"R00023";"Lumijoki";"Lumijoki";"000233";"000233"
119;"Oulu";"H00003";"MUHOS";"494";"Liminka";"R00023";"Muhos";"Muhos";"000235";"000235"
120;"Oulu";"H00003";"TYRNÄVÄ";"859";"Liminka";"R00023";"Tyrnävä";"Tyrnävä";"000272";"000272"
121;"Oulu";"H00003";"UTAJÄRVI";"889";"Liminka";"R00023";"Utajärvi";"Utajärvi";"000274";"000274"
122;"Oulu";"H00003";"RAAHE,SIIKAJOKI";"678.748";"Raahe";"R00025";"Raahe";"Raahe";"000253";"000253"
123;"Oulu";"H00003";"PYHÄNTÄ,SIIKALATVA";"630.791";"Raahe";"R00025";"Siikalatva";"Siikalatva";"000641";"000641"
124;"Oulu";"H00003";"ALAVIESKA";"9";"Kalajoki";"R00026";"Alavieska";"Alavieska";"000203";"000203"
125;"Oulu";"H00003";"HAAPAJÄRVI";"69";"Kalajoki";"R00026";"Haapajärvi";"Haapajärvi";"000205";"000205"
126;"Oulu";"H00003";"HAAPAVESI";"71";"Kalajoki";"R00026";"Haapavesi";"Haapavesi";"000206";"000206"
127;"Oulu";"H00003";"KALAJOKI";"208";"Kalajoki";"R00026";"Kalajoki";"Kalajoki";"000213";"000213"
128;"Oulu";"H00003";"KÄRSÄMÄKI";"317";"Kalajoki";"R00026";"Kärsämäki";"Kärsämäki";"000229";"000229"
129;"Oulu";"H00003";"NIVALA";"535";"Kalajoki";"R00026";"Nivala";"Nivala";"000237";"000237"
130;"Oulu";"H00003";"OULAINEN";"563";"Kalajoki";"R00026";"Oulainen";"Oulainen";"000238";"000238"
131;"Oulu";"H00003";"PYHÄJOKI";"625";"Kalajoki";"R00026";"Pyhäjoki";"Pyhäjoki";"000251";"000251"
132;"Oulu";"H00003";"REISJÄRVI";"691";"Kalajoki";"R00026";"Reisjärvi";"Reisjärvi";"000257";"000257"
133;"Oulu";"H00003";"SIEVI";"746";"Kalajoki";"R00026";"Sievi";"Sievi";"000262";"000262"
134;"Oulu";"H00003";"MERIJÄRVI,YLIVIESKA";"483.977";"Kalajoki";"R00026";"Ylivieska";"Ylivieska";"000281";"000281"
135;"Oulu";"H00003";"HALSUA";"74";"Kokkola";"R00027";"Halsua";"Halsua";"000208";"000208"
136;"Oulu";"H00003";"KANNUS";"217";"Kokkola";"R00027";"Kannus";"Kannus";"000214";"000214"
137;"Oulu";"H00003";"PERHO";"584";"Kokkola";"R00027";"Perho";"Perho";"000246";"000246"
138;"Oulu";"H00003";"LESTIJÄRVI,TOHOLAMPI";"421.849";"Kokkola";"R00027";"Toholampi";"Toholampi";"000269";"000269"
139;"Oulu";"H00003";"VETELI";"924";"Kokkola";"R00027";"Veteli";"Veteli";"000276";"000276"
140;"Oulu";"H00003";"KAUSTINEN,KOKKOLA";"236.272";"Kokkola";"R00027";"Kaustinen ja Ullava";"Kokkolan srky-Karleby ksamf";"000640";"000816"
141;"Oulu";"H00003";"KAUSTINEN,KOKKOLA";"236.272";"Kokkola";"R00027";"Kokkolan srky-Karleby ksamf";"Kokkolan srky-Karleby ksamf";"000816";"000816"
142;"Oulu";"H00003";"KOKKOLA";"272";"Kokkola";"R00027";"Kokkolan suom";"Kokkolan srky-Karleby ksamf";"000224";"000816"
143;"Oulu";"H00003";"KOKKOLA";"272";"Kokkola";"R00027";"Kälviä";"Kokkolan srky-Karleby ksamf";"000228";"000816"
144;"Oulu";"H00003";"KOKKOLA";"272";"Kokkola";"R00027";"Lohtaja";"Kokkolan srky-Karleby ksamf";"000232";"000816"
145;"Oulu";"H00003";"KEMIJÄRVI";"320";"Rovaniemi";"R00028";"Kemijärvi";"Kemijärvi";"000219";"000219"
146;"Oulu";"H00003";"PELKOSENNIEMI,SAVUKOSKI";"583.742";"Rovaniemi";"R00028";"Pelkosenniemi";"Pelkosenniemi";"000245";"000245"
147;"Oulu";"H00003";"POSIO";"614";"Rovaniemi";"R00028";"Posio";"Posio";"000248";"000248"
148;"Oulu";"H00003";"RANUA";"683";"Rovaniemi";"R00028";"Ranua";"Ranua";"000255";"000255"
149;"Oulu";"H00003";"ROVANIEMI";"698";"Rovaniemi";"R00028";"Rovaniemi";"Rovaniemi";"000259";"000259"
150;"Oulu";"H00003";"SALLA";"732";"Rovaniemi";"R00028";"Salla";"Salla";"000260";"000260"
151;"Oulu";"H00003";"KEMI";"240";"Kemi-Tornio";"R00029";"Kemi";"Kemi";"000217";"000217"
152;"Oulu";"H00003";"KEMINMAA";"241";"Kemi-Tornio";"R00029";"Keminmaa";"Keminmaa";"000218";"000218"
153;"Oulu";"H00003";"SIMO";"751";"Kemi-Tornio";"R00029";"Simo";"Simo";"000264";"000264"
154;"Oulu";"H00003";"TERVOLA";"845";"Kemi-Tornio";"R00029";"Tervola";"Tervola";"000268";"000268"
155;"Oulu";"H00003";"TORNIO";"851";"Kemi-Tornio";"R00029";"Tornio";"Tornio";"000270";"000270"
156;"Oulu";"H00003";"PELLO";"854";"Kemi-Tornio";"R00029";"Pello";"Pello";"000271";"000271"
157;"Oulu";"H00003";"YLITORNIO";"976";"Kemi-Tornio";"R00029";"Ylitornio";"Ylitornio";"000280";"000280"
158;"Oulu";"H00003";"ENONTEKIÖ";"47";"Lappi";"R00030";"Enontekiö";"Enontekiö";"000204";"000204"
159;"Oulu";"H00003";"INARI";"148";"Lappi";"R00030";"Inari";"Inari";"000212";"000212"
160;"Oulu";"H00003";"KITTILÄ";"261";"Lappi";"R00030";"Kittilä";"Kittilä";"000223";"000223"
161;"Oulu";"H00003";"KOLARI";"273";"Lappi";"R00030";"Kolari";"Kolari";"000225";"000225"
162;"Oulu";"H00003";"MUONIO";"498";"Lappi";"R00030";"Muonio";"Muonio";"000236";"000236"
163;"Oulu";"H00003";"SODANKYLÄ";"758";"Lappi";"R00030";"Sodankylä";"Sodankylä";"000265";"000265"
164;"Oulu";"H00003";"UTSJOKI";"890";"Lappi";"R00030";"Utsjoki";"Utsjoki";"000275";"000275"
165;"Oulu";"H00003";"KUUSAMO";"305";"Koillismaa";"R00083";"Kuusamo";"Kuusamo";"000227";"000227"
166;"Oulu";"H00003";"PUDASJÄRVI";"615";"Koillismaa";"R00083";"Pudasjärvi";"Pudasjärvi";"000249";"000249"
167;"Oulu";"H00003";"TAIVALKOSKI";"832";"Koillismaa";"R00083";"Taivalkoski";"Taivalkoski";"000266";"000266"
168;"Mikkeli";"H00004";"HIRVENSALMI";"97";"Mikkelin tuomiorvk";"R00031";"Hirvensalmi";"Hirvensalmi";"000292";"000292"
169;"Mikkeli";"H00004";"JUVA";"178";"Mikkelin tuomiorvk";"R00031";"Juva";"Juva";"000299";"000299"
170;"Mikkeli";"H00004";"KANGASNIEMI";"213";"Mikkelin tuomiorvk";"R00031";"Kangasniemi";"Kangasniemi";"000300";"000300"
171;"Mikkeli";"H00004";"MÄNTYHARJU,PERTUNMAA";"507.588";"Mikkelin tuomiorvk";"R00031";"Mäntyharju";"Mäntyharju";"000320";"000320"
172;"Mikkeli";"H00004";"MIKKELI";"491";"Mikkelin tuomiorvk";"R00031";"Mikkelin Tuomiokirkko";"Mikkelin Tuomiokirkko";"001014";"001014"
173;"Mikkeli";"H00004";"KITEE,RÄÄKKYLÄ";"260.707";"Savonlinna";"R00032";"Kitee";"Kitee";"000303";"000303"
174;"Mikkeli";"H00004";"PUUMALA";"623";"Savonlinna";"R00032";"Puumala";"Puumala";"000325";"000325"
175;"Mikkeli";"H00004";"SULKAVA";"768";"Savonlinna";"R00032";"Sulkava";"Sulkava";"000338";"000338"
176;"Mikkeli";"H00004";"TOHMAJÄRVI";"848";"Savonlinna";"R00032";"Tohmajärvi";"Tohmajärvi";"000343";"000343"
177;"Mikkeli";"H00004";"ENONKOSKI,RANTASALMI,SAVONLINNA";"46,681,740";"Savonlinna";"R00032";"Savonlinna";"Savonlinna";"001013";"001013"
178;"Mikkeli";"H00004";"IMATRA";"153";"Imatra";"R00034";"Imatra";"Imatra";"000294";"000294"
179;"Mikkeli";"H00004";"PARIKKALA";"580";"Imatra";"R00034";"Parikkala";"Parikkala";"000322";"000322"
180;"Mikkeli";"H00004";"RAUTJÄRVI";"689";"Imatra";"R00034";"Rautjärvi";"Rautjärvi";"000328";"000328"
181;"Mikkeli";"H00004";"RUOKOLAHTI";"700";"Imatra";"R00034";"Ruokolahti";"Ruokolahti";"000330";"000330"
182;"Mikkeli";"H00004";"LEMI";"416";"Lappeenranta";"R00035";"Lemi";"Lemi";"000313";"000313"
183;"Mikkeli";"H00004";"LUUMÄKI";"441";"Lappeenranta";"R00035";"Luumäki";"Luumäki";"000315";"000315"
184;"Mikkeli";"H00004";"SAVITAIPALE";"739";"Lappeenranta";"R00035";"Savitaipale";"Savitaipale";"000333";"000333"
185;"Mikkeli";"H00004";"TAIPALSAARI";"831";"Lappeenranta";"R00035";"Taipalsaari";"Taipalsaari";"000342";"000342"
186;"Mikkeli";"H00004";"LAPPEENRANTA";"405";"Lappeenranta";"R00035";"Joutseno";"Lappeenrannan srky";"000298";"000822"
187;"Mikkeli";"H00004";"LAPPEENRANTA";"405";"Lappeenranta";"R00035";"Lappee";"Lappeenrannan srky";"000309";"000822"
188;"Mikkeli";"H00004";"LAPPEENRANTA";"405";"Lappeenranta";"R00035";"Lappeenranta";"Lappeenrannan srky";"000310";"000822"
189;"Mikkeli";"H00004";"LAPPEENRANTA";"405";"Lappeenranta";"R00035";"Lauritsala";"Lappeenrannan srky";"000311";"000822"
190;"Mikkeli";"H00004";"LAPPEENRANTA";"405";"Lappeenranta";"R00035";"Sammonlahti";"Lappeenrannan srky";"000586";"000822"
191;"Mikkeli";"H00004";"LAPPEENRANTA";"405";"Lappeenranta";"R00035";"Lappeenrannan srky";"Lappeenrannan srky";"000822";"000822"
192;"Mikkeli";"H00004";"IITTI";"142";"Kouvola";"R00036";"Iitti";"Iitti";"000293";"000293"
193;"Mikkeli";"H00004";"KOUVOLA";"286";"Kouvola";"R00036";"Anjalankoski";"Kouvolan srky";"000282";"004001"
194;"Mikkeli";"H00004";"KOUVOLA";"286";"Kouvola";"R00036";"Elimäki";"Kouvolan srky";"000284";"004001"
195;"Mikkeli";"H00004";"KOUVOLA";"286";"Kouvola";"R00036";"Kouvola";"Kouvolan srky";"000305";"004001"
196;"Mikkeli";"H00004";"KOUVOLA";"286";"Kouvola";"R00036";"Kuusankoski";"Kouvolan srky";"000306";"004001"
197;"Mikkeli";"H00004";"KOUVOLA";"286";"Kouvola";"R00036";"Valkeala";"Kouvolan srky";"000345";"004001"
198;"Mikkeli";"H00004";"KOUVOLA";"286";"Kouvola";"R00036";"Kouvolan srky";"Kouvolan srky";"004001";"004001"
199;"Mikkeli";"H00004";"PYHTÄÄ";"624";"Kotka";"R00037";"Pyhtää-Pyttis";"Pyhtää-Pyttis";"000326";"000326"
200;"Mikkeli";"H00004";"HAMINA,MIEHIKKÄLÄ,VIROLAHTI";"75,489,935";"Kotka";"R00037";"Hamina";"Hamina";"001011";"001011"
201;"Mikkeli";"H00004";"KOTKA";"285";"Kotka";"R00037";"Kotka-Kymi";"Kotka-Kymi";"001023";"001023"
202;"Mikkeli";"H00004";"HEINOLA";"111";"Heinola";"R00038";"Heinola";"Heinola";"000239";"000239"
203;"Mikkeli";"H00004";"HARTOLA";"81";"Heinola";"R00038";"Hartola";"Hartola";"000288";"000288"
204;"Mikkeli";"H00004";"JOUTSA,LUHANKA";"172.435";"Heinola";"R00038";"Joutsa";"Joutsa";"000297";"000297"
205;"Mikkeli";"H00004";"SYSMÄ";"781";"Heinola";"R00038";"Sysmä";"Sysmä";"000340";"000340"
206;"Borgå";"H00005";"PORVOO";"638";"Borgå dompr.";"R00039";"Borgå sv.domk";"Porvoon srky-Borgå ksamf";"000485";"000831"
207;"Borgå";"H00005";"SIPOO";"753";"Borgå dompr.";"R00039";"Sibbo sv";"Sipoon srky-Sibbo ksamf";"000546";"000835"
208;"Borgå";"H00005";"LAPINJÄRVI";"407";"Borgå dompr.";"R00039";"Lappträsks sv";"Loviisanseudun srky-Lovisanejdens ksamf";"000522";"004006"
209;"Borgå";"H00005";"LOVIISA";"434";"Borgå dompr.";"R00039";"Liljendal";"Loviisanseudun srky-Lovisanejdens ksamf";"000525";"004006"
210;"Borgå";"H00005";"LOVIISA";"434";"Borgå dompr.";"R00039";"Lovisa sv";"Loviisanseudun srky-Lovisanejdens ksamf";"000526";"004006"
211;"Borgå";"H00005";"LOVIISA";"434";"Borgå dompr.";"R00039";"Pernå-Pernaja";"Loviisanseudun srky-Lovisanejdens ksamf";"000539";"004006"
212;"Borgå";"H00005";"HELSINKI";"91";"Helsingfors";"R00040";"Tyska";"Tyska";"000562";"000562"
213;"Borgå";"H00005";"HELSINKI";"91";"Helsingfors";"R00040";"Olaus Petri";"Olaus Petri";"000638";"000638"
214;"Borgå";"H00005";"HELSINKI";"91";"Helsingfors";"R00040";"Matteus";"Helsingin srky-Helsingfors ksamf";"000592";"000806"
215;"Borgå";"H00005";"HELSINKI";"91";"Helsingfors";"R00040";"Johannes";"Helsingin srky-Helsingfors ksamf";"001005";"000806"
216;"Borgå";"H00005";"HELSINKI";"91";"Helsingfors";"R00040";"Petrus";"Helsingin srky-Helsingfors ksamf";"001007";"000806"
217;"Borgå";"H00005";"ESPOO";"49";"Mellersta nyland";"R00041";"Esbo sv";"Espoon ev.lut.srky-Esbo ev.luth.ksamf";"000491";"000801"
218;"Borgå";"H00005";"KIRKKONUMMI";"257";"Mellersta nyland";"R00041";"Kyrkslätts sv";"Kirkkonummen srky-Kyrkslätts ksamf";"000519";"000814"
219;"Borgå";"H00005";"TAMPERE";"837";"Mellersta nyland";"R00041";"Tammerfors sv";"Tampereen ev.lut.srky-Tammerfors ev.luth.ksamf";"000553";"000837"
220;"Borgå";"H00005";"VANTAA";"92";"Mellersta nyland";"R00041";"Vanda sv";"Vantaan srky-Vanda ksamf";"000500";"000844"
221;"Borgå";"H00005";"KAUNIAINEN";"235";"Mellersta nyland";"R00041";"Grankulla sv";"Kauniaisten srky-Grankulla ksamf";"000574";"000846"
222;"Borgå";"H00005";"INKOO";"149";"Raseborg";"R00042";"Ingå-Inkoo";"Ingå-Inkoo";"000503";"000503"
223;"Borgå";"H00005";"HANKO";"78";"Raseborg";"R00042";"Hangö sv";"Hangö ksamf-Hangon srky";"000499";"000804"
224;"Borgå";"H00005";"HANKO";"78";"Raseborg";"R00042";"Hangö ksamf-Hangon srky";"Hangö ksamf-Hangon srky";"000804";"000804"
225;"Borgå";"H00005";"SIUNTIO";"755";"Raseborg";"R00042";"Sjundeå sv";"Siuntion srky-Sjundeå ksamf";"000548";"000866"
226;"Borgå";"H00005";"RAASEPORI";"710";"Raseborg";"R00042";"Karis-Pojo sv";"Raseborgs ksamf-Raaseporin srky";"001019";"004002"
227;"Borgå";"H00005";"RAASEPORI";"710";"Raseborg";"R00042";"Ekenäsnejdens sv";"Raseborgs ksamf-Raaseporin srky";"001020";"004002"
228;"Borgå";"H00005";"RAASEPORI";"710";"Raseborg";"R00042";"Raseborgs ksamf-Raaseporin srky";"Raseborgs ksamf-Raaseporin srky";"004002";"004002"
229;"Borgå";"H00005";"PARAINEN";"445";"Åboland";"R00043";"Pargas ksamf-Paraisten srky";"Pargas ksamf-Paraisten srky";"000827";"000827"
230;"Borgå";"H00005";"PARAINEN";"445";"Åboland";"R00043";"Väståbolands sv";"Pargas ksamf-Paraisten srky";"001008";"000827"
231;"Borgå";"H00005";"KAARINA,TURKU";"202.853";"Åboland";"R00043";"Åbo sv";"Turun ja Kaarinan srky-Åbo och St.Karins ksamf";"000560";"000839"
232;"Borgå";"H00005";"KEMIÖNSAARI";"322";"Åboland";"R00043";"Kimitoön-Kemiönsaari";"Kimitoön-Kemiönsaari";"001006";"001006"
233;"Borgå";"H00005";"ECKERÖ";"43";"Åland";"R00044";"Eckerö";"Eckerö";"000489";"000489"
234;"Borgå";"H00005";"FINSTRÖM,GETA";"60.65";"Åland";"R00044";"Finström-Geta";"Finström-Geta";"000493";"000493"
235;"Borgå";"H00005";"HAMMARLAND";"76";"Åland";"R00044";"Hammarland";"Hammarland";"000497";"000497"
236;"Borgå";"H00005";"FÖGLÖ,KÖKAR,SOTTUNGA";"62,318,766";"Åland";"R00044";"Ålands södra skärgård";"Ålands södra skärgård";"000498";"000498"
237;"Borgå";"H00005";"JOMALA";"170";"Åland";"R00044";"Jomala";"Jomala";"000507";"000507"
238;"Borgå";"H00005";"LEMLAND,LUMPARLAND";"417.438";"Åland";"R00044";"Lemland-Lumparland";"Lemland-Lumparland";"000524";"000524"
239;"Borgå";"H00005";"MAARIANHAMINA";"478";"Åland";"R00044";"Mariehamn";"Mariehamn";"000529";"000529"
240;"Borgå";"H00005";"SALTVIK";"736";"Åland";"R00044";"Saltvik";"Saltvik";"000545";"000545"
241;"Borgå";"H00005";"SUND,VÅRDÖ";"771.941";"Åland";"R00044";"Sund-Vårdö";"Sund-Vårdö";"000552";"000552"
242;"Borgå";"H00005";"BRÄNDÖ,KUMLINGE";"35.295";"Åland";"R00044";"Brändö-Kumlinge";"Brändö-Kumlinge";"000598";"000598"
243;"Borgå";"H00005";"KORSNÄS";"280";"Närpes";"R00045";"Korsnäs";"Korsnäs";"000514";"000514"
244;"Borgå";"H00005";"NÄRPIÖ";"545";"Närpes";"R00045";"Närpes";"Närpes";"000535";"000535"
245;"Borgå";"H00005";"KRISTIINANKAUPUNKI";"287";"Närpes";"R00045";"Kristinestads sv";"Kristinestads ksamf-Kristiinankaupungin srky";"000604";"000847"
246;"Borgå";"H00005";"KRISTIINANKAUPUNKI";"287";"Närpes";"R00045";"Kristinestads ksamf-Kristiinankaupungin srky";"Kristinestads ksamf-Kristiinankaupungin srky";"000847";"000847"
247;"Borgå";"H00005";"VÖYRI";"946";"Korsholm";"R00046";"Vörå-Vöyri";"Vörå-Vöyri";"000559";"000559"
248;"Borgå";"H00005";"VAASA";"905";"Korsholm";"R00046";"Vasa sv";"Vaasan srky-Vasa ksamf";"000556";"000841"
249;"Borgå";"H00005";"MUSTASAARI";"499";"Korsholm";"R00046";"Korsholms sv";"Korsholms ksamf-Mustasaaren srky";"000513";"000853"
250;"Borgå";"H00005";"MUSTASAARI";"499";"Korsholm";"R00046";"Kvevlax";"Korsholms ksamf-Mustasaaren srky";"000518";"000853"
251;"Borgå";"H00005";"MUSTASAARI";"499";"Korsholm";"R00046";"Replot";"Korsholms ksamf-Mustasaaren srky";"000544";"000853"
252;"Borgå";"H00005";"MUSTASAARI";"499";"Korsholm";"R00046";"Solf";"Korsholms ksamf-Mustasaaren srky";"000550";"000853"
253;"Borgå";"H00005";"MUSTASAARI";"499";"Korsholm";"R00046";"Korsholms ksamf-Mustasaaren srky";"Korsholms ksamf-Mustasaaren srky";"000853";"000853"
254;"Borgå";"H00005";"MAALAHTI";"475";"Korsholm";"R00046";"Bergö";"Malax ksamf-Maalahden srky";"000484";"000860"
255;"Borgå";"H00005";"MAALAHTI";"475";"Korsholm";"R00046";"Malax-Maalahti";"Malax ksamf-Maalahden srky";"000528";"000860"
256;"Borgå";"H00005";"MAALAHTI";"475";"Korsholm";"R00046";"Petalax";"Malax ksamf-Maalahden srky";"000540";"000860"
257;"Borgå";"H00005";"MAALAHTI";"475";"Korsholm";"R00046";"Malax ksamf-Maalahden srky";"Malax ksamf-Maalahden srky";"000860";"000860"
258;"Borgå";"H00005";"LUOTO";"440";"Pedersöre";"R00047";"Larsmo";"Larsmo";"000523";"000523"
259;"Borgå";"H00005";"UUSIKAARLEPYY";"893";"Pedersöre";"R00047";"Nykarleby-Uusikaarlepyy";"Nykarleby-Uusikaarlepyy";"000534";"000534"
260;"Borgå";"H00005";"KOKKOLA";"272";"Pedersöre";"R00047";"Karleby sv";"Kokkolan srky-Karleby ksamf";"000509";"000816"
261;"Borgå";"H00005";"KRUUNUPYY";"288";"Pedersöre";"R00047";"Kronoby-Kruunupyy";"Kronoby ksamf-Kruunupyyn srky";"000516";"000818"
262;"Borgå";"H00005";"KRUUNUPYY";"288";"Pedersöre";"R00047";"Nedervetil-Alaveteli";"Kronoby ksamf-Kruunupyyn srky";"000533";"000818"
263;"Borgå";"H00005";"KRUUNUPYY";"288";"Pedersöre";"R00047";"Terjärv-Teerijärvi";"Kronoby ksamf-Kruunupyyn srky";"000555";"000818"
264;"Borgå";"H00005";"KRUUNUPYY";"288";"Pedersöre";"R00047";"Kronoby ksamf-Kruunupyyn srky";"Kronoby ksamf-Kruunupyyn srky";"000818";"000818"
265;"Borgå";"H00005";"PEDERSÖRENKUNTA";"599";"Pedersöre";"R00047";"Esse";"Pedersörenejdens ksamf-Pietarsaarenseudun srky";"000492";"000828"
266;"Borgå";"H00005";"PEDERSÖRENKUNTA";"599";"Pedersöre";"R00047";"Pedersöre";"Pedersörenejdens ksamf-Pietarsaarenseudun srky";"000538";"000828"
267;"Borgå";"H00005";"PEDERSÖRENKUNTA";"599";"Pedersöre";"R00047";"Purmo";"Pedersörenejdens ksamf-Pietarsaarenseudun srky";"000542";"000828"
268;"Borgå";"H00005";"PEDERSÖRENKUNTA,PIETARSAARI";"599.598";"Pedersöre";"R00047";"Pedersörenejdens ksamf-Pietarsaarenseudun srky";"Pedersörenejdens ksamf-Pietarsaarenseudun srky";"000828";"000828"
269;"Borgå";"H00005";"PIETARSAARI";"598";"Pedersöre";"R00047";"Jakobstads sv";"Pedersörenejdens ksamf-Pietarsaarenseudun srky";"000505";"000828"
270;"Kuopio";"H00006";"KAAVI,KUOPIO,TUUSNIEMI";"204,297,857";"Kuopion tuomiorvk";"R00048";"Kuopion ev.lut.srky";"Kuopion ev.lut.srky";"000819";"000819"
271;"Kuopio";"H00006";"KAAVI,KUOPIO,TUUSNIEMI";"204,297,857";"Kuopion tuomiorvk";"R00048";"Järvi-Kuopio";"Kuopion ev.lut.srky";"001012";"000819"
272;"Kuopio";"H00006";"KUOPIO";"297";"Kuopion tuomiorvk";"R00048";"Kuopion Tuomiokirkko";"Kuopion ev.lut.srky";"000372";"000819"
273;"Kuopio";"H00006";"KUOPIO";"297";"Kuopion tuomiorvk";"R00048";"Kuopion Männistö";"Kuopion ev.lut.srky";"000373";"000819"
274;"Kuopio";"H00006";"KUOPIO";"297";"Kuopion tuomiorvk";"R00048";"Kuopion Kallavesi";"Kuopion ev.lut.srky";"000374";"000819"
275;"Kuopio";"H00006";"KUOPIO";"297";"Kuopion tuomiorvk";"R00048";"Kuopion Alava";"Kuopion ev.lut.srky";"000568";"000819"
276;"Kuopio";"H00006";"KUOPIO";"297";"Kuopion tuomiorvk";"R00048";"Kuopion Puijo";"Kuopion ev.lut.srky";"000577";"000819"
277;"Kuopio";"H00006";"KEITELE";"239";"Siilinjärvi";"R00049";"Keitele";"Keitele";"000366";"000366"
278;"Kuopio";"H00006";"RAUTAVAARA";"687";"Siilinjärvi";"R00049";"Rautavaara";"Rautavaara";"000394";"000394"
279;"Kuopio";"H00006";"SIILINJÄRVI";"749";"Siilinjärvi";"R00049";"Siilinjärvi";"Siilinjärvi";"000398";"000398"
280;"Kuopio";"H00006";"TERVO";"844";"Siilinjärvi";"R00049";"Tervo";"Tervo";"000405";"000405"
281;"Kuopio";"H00006";"VESANTO";"921";"Siilinjärvi";"R00049";"Vesanto";"Vesanto";"000413";"000413"
282;"Kuopio";"H00006";"KIURUVESI";"263";"Iisalmi";"R00051";"Kiuruvesi";"Kiuruvesi";"000368";"000368"
283;"Kuopio";"H00006";"PYHÄJÄRVI";"626";"Iisalmi";"R00051";"Pyhäjärvi";"Pyhäjärvi";"000391";"000391"
284;"Kuopio";"H00006";"VIEREMÄ";"925";"Iisalmi";"R00051";"Vieremä";"Vieremä";"000415";"000415"
285;"Kuopio";"H00006";"IISALMI";"140";"Iisalmi";"R00051";"Iisalmi";"Ylä-Savon srky";"000354";"004007"
286;"Kuopio";"H00006";"IISALMI,LAPINLAHTI,PIELAVESI,SONKAJÄRVI";"140,402,595,762";"Iisalmi";"R00051";"Ylä-Savon srky";"Ylä-Savon srky";"004007";"004007"
287;"Kuopio";"H00006";"LAPINLAHTI";"402";"Iisalmi";"R00051";"Lapinlahti";"Ylä-Savon srky";"000376";"004007"
288;"Kuopio";"H00006";"LAPINLAHTI";"402";"Iisalmi";"R00051";"Varpaisjärvi";"Ylä-Savon srky";"000411";"004007"
289;"Kuopio";"H00006";"PIELAVESI";"595";"Iisalmi";"R00051";"Pielavesi";"Ylä-Savon srky";"000386";"004007"
290;"Kuopio";"H00006";"SONKAJÄRVI";"762";"Iisalmi";"R00051";"Sonkajärvi";"Ylä-Savon srky";"000399";"004007"
291;"Kuopio";"H00006";"HYRYNSALMI";"105";"Kajaani";"R00052";"Hyrynsalmi";"Hyrynsalmi";"000353";"000353"
292;"Kuopio";"H00006";"KAJAANI";"205";"Kajaani";"R00052";"Kajaani";"Kajaani";"000363";"000363"
293;"Kuopio";"H00006";"KUHMO";"290";"Kajaani";"R00052";"Kuhmo";"Kuhmo";"000371";"000371"
294;"Kuopio";"H00006";"PALTAMO";"578";"Kajaani";"R00052";"Paltamo";"Paltamo";"000383";"000383"
295;"Kuopio";"H00006";"PUOLANKA";"620";"Kajaani";"R00052";"Puolanka";"Puolanka";"000390";"000390"
296;"Kuopio";"H00006";"RISTIJÄRVI";"697";"Kajaani";"R00052";"Ristijärvi";"Ristijärvi";"000396";"000396"
297;"Kuopio";"H00006";"SOTKAMO";"765";"Kajaani";"R00052";"Sotkamo";"Sotkamo";"000400";"000400"
298;"Kuopio";"H00006";"SUOMUSSALMI";"777";"Kajaani";"R00052";"Suomussalmi";"Suomussalmi";"000402";"000402"
299;"Kuopio";"H00006";"VAALA";"785";"Kajaani";"R00052";"Vaala";"Vaala";"000408";"000408"
300;"Kuopio";"H00006";"ILOMANTSI";"146";"Joensuu";"R00054";"Ilomantsi";"Ilomantsi";"000356";"000356"
301;"Kuopio";"H00006";"JUUKA";"176";"Joensuu";"R00054";"Juuka";"Juuka";"000360";"000360"
302;"Kuopio";"H00006";"KONTIOLAHTI";"276";"Joensuu";"R00054";"Kontiolahti";"Kontiolahti";"000370";"000370"
303;"Kuopio";"H00006";"OUTOKUMPU";"309";"Joensuu";"R00054";"Outokumpu";"Outokumpu";"000375";"000375"
304;"Kuopio";"H00006";"LIPERI";"426";"Joensuu";"R00054";"Liperi";"Liperi";"000378";"000378"
305;"Kuopio";"H00006";"NURMES";"541";"Joensuu";"R00054";"Nurmes";"Nurmes";"000382";"000382"
306;"Kuopio";"H00006";"LIEKSA";"422";"Joensuu";"R00054";"Lieksa";"Lieksa";"000388";"000388"
307;"Kuopio";"H00006";"POLVIJÄRVI";"607";"Joensuu";"R00054";"Polvijärvi";"Polvijärvi";"000389";"000389"
308;"Kuopio";"H00006";"VALTIMO";"911";"Joensuu";"R00054";"Valtimo";"Valtimo";"000409";"000409"
309;"Kuopio";"H00006";"JOENSUU";"167";"Joensuu";"R00054";"Eno";"Joensuun ev.lut.srky";"000350";"000808"
310;"Kuopio";"H00006";"JOENSUU";"167";"Joensuu";"R00054";"Joensuu";"Joensuun ev.lut.srky";"000357";"000808"
311;"Kuopio";"H00006";"JOENSUU";"167";"Joensuu";"R00054";"Pielisensuu";"Joensuun ev.lut.srky";"000387";"000808"
312;"Kuopio";"H00006";"JOENSUU";"167";"Joensuu";"R00054";"Pyhäselkä";"Joensuun ev.lut.srky";"000392";"000808"
313;"Kuopio";"H00006";"JOENSUU";"167";"Joensuu";"R00054";"Rantakylä";"Joensuun ev.lut.srky";"000579";"000808"
314;"Kuopio";"H00006";"JOENSUU";"167";"Joensuu";"R00054";"Vaara-Karjala";"Joensuun ev.lut.srky";"000606";"000808"
315;"Kuopio";"H00006";"JOENSUU";"167";"Joensuu";"R00054";"Joensuun ev.lut.srky";"Joensuun ev.lut.srky";"000808";"000808"
316;"Kuopio";"H00006";"HANKASALMI";"77";"Rautalampi";"R00084";"Hankasalmi";"Hankasalmi";"000351";"000351"
317;"Kuopio";"H00006";"HEINÄVESI";"90";"Rautalampi";"R00084";"Heinävesi";"Heinävesi";"000352";"000352"
318;"Kuopio";"H00006";"JOROINEN";"171";"Rautalampi";"R00084";"Joroinen";"Joroinen";"000358";"000358"
319;"Kuopio";"H00006";"KONNEVESI";"275";"Rautalampi";"R00084";"Konnevesi";"Konnevesi";"000369";"000369"
320;"Kuopio";"H00006";"LEPPÄVIRTA";"420";"Rautalampi";"R00084";"Leppävirta";"Leppävirta";"000377";"000377"
321;"Kuopio";"H00006";"RAUTALAMPI";"686";"Rautalampi";"R00084";"Rautalampi";"Rautalampi";"000393";"000393"
322;"Kuopio";"H00006";"SUONENJOKI";"778";"Rautalampi";"R00084";"Suonenjoki";"Suonenjoki";"000403";"000403"
323;"Kuopio";"H00006";"VARKAUS";"915";"Rautalampi";"R00084";"Varkaus";"Varkaus";"000410";"000410"
324;"Kuopio";"H00006";"PIEKSÄMÄKI";"593";"Rautalampi";"R00084";"Pieksämäki";"Pieksämäki";"000645";"000645"
325;"Lapua";"H00007";"ISOJOKI";"151";"Kauhajoki";"R00061";"Isojoki";"Isojoki";"000425";"000425"
326;"Lapua";"H00007";"KARIJOKI";"218";"Kauhajoki";"R00061";"Karijoki";"Karijoki";"000432";"000432"
327;"Lapua";"H00007";"KAUHAJOKI";"232";"Kauhajoki";"R00061";"Kauhajoki";"Kauhajoki";"000435";"000435"
328;"Lapua";"H00007";"TEUVA";"846";"Kauhajoki";"R00061";"Teuva";"Teuva";"000470";"000470"
329;"Lapua";"H00007";"KASKINEN";"231";"Kauhajoki";"R00061";"Kaskinen-Kaskö";"Kaskinen-Kaskö";"000510";"000510"
330;"Lapua";"H00007";"KRISTIINANKAUPUNKI";"287";"Kauhajoki";"R00061";"Kristiinankaupungin suom";"Kristinestads ksamf-Kristiinankaupungin srky";"000576";"000847"
331;"Lapua";"H00007";"ISOKYRÖ";"152";"Isokyrö";"R00062";"Isokyrö";"Isokyrö";"000426";"000426"
332;"Lapua";"H00007";"LAIHIA";"399";"Isokyrö";"R00062";"Laihia";"Laihia";"000447";"000447"
333;"Lapua";"H00007";"VAASA";"905";"Isokyrö";"R00062";"Vaasan suom";"Vaasan srky-Vasa ksamf";"000474";"000841"
334;"Lapua";"H00007";"VAASA";"905";"Isokyrö";"R00062";"Vähäkyrö";"Vaasan srky-Vasa ksamf";"000479";"000841"
335;"Lapua";"H00007";"VAASA";"905";"Isokyrö";"R00062";"Vaasan srky-Vasa ksamf";"Vaasan srky-Vasa ksamf";"000841";"000841"
336;"Lapua";"H00007";"MUSTASAARI";"499";"Isokyrö";"R00062";"Mustasaaren suom";"Korsholms ksamf-Mustasaaren srky";"000588";"000853"
337;"Lapua";"H00007";"HONKAJOKI";"99";"Parkano";"R00063";"Honkajoki";"Honkajoki";"000423";"000423"
338;"Lapua";"H00007";"KARVIA";"230";"Parkano";"R00063";"Karvia";"Karvia";"000434";"000434"
339;"Lapua";"H00007";"KIHNIÖ";"250";"Parkano";"R00063";"Kihniö";"Kihniö";"000438";"000438"
340;"Lapua";"H00007";"PARKANO";"581";"Parkano";"R00063";"Parkano";"Parkano";"000456";"000456"
341;"Lapua";"H00007";"VIRRAT";"936";"Parkano";"R00063";"Virrat";"Virrat";"000478";"000478"
342;"Lapua";"H00007";"KEURUU";"249";"Jyväskylä";"R00064";"Keuruu";"Keuruu";"000437";"000437"
343;"Lapua";"H00007";"LAUKAA";"410";"Jyväskylä";"R00064";"Laukaa";"Laukaa";"000450";"000450"
344;"Lapua";"H00007";"MULTIA";"495";"Jyväskylä";"R00064";"Multia";"Multia";"000452";"000452"
345;"Lapua";"H00007";"MUURAME";"500";"Jyväskylä";"R00064";"Muurame";"Muurame";"000453";"000453"
346;"Lapua";"H00007";"PETÄJÄVESI";"592";"Jyväskylä";"R00064";"Petäjävesi";"Petäjävesi";"000458";"000458"
347;"Lapua";"H00007";"TOIVAKKA";"850";"Jyväskylä";"R00064";"Toivakka";"Toivakka";"000471";"000471"
348;"Lapua";"H00007";"UURAINEN";"892";"Jyväskylä";"R00064";"Uurainen";"Uurainen";"000473";"000473"
349;"Lapua";"H00007";"JYVÄSKYLÄ";"179";"Jyväskylä";"R00064";"Jyväskylä";"Jyväskylä";"001002";"001002"
350;"Lapua";"H00007";"ALAVUS";"10";"Etelä-Pohjanmaa";"R00080";"Alavus";"Alavus";"000421";"000421"
351;"Lapua";"H00007";"ILMAJOKI";"145";"Etelä-Pohjanmaa";"R00080";"Ilmajoki";"Ilmajoki";"000424";"000424"
352;"Lapua";"H00007";"KUORTANE";"300";"Etelä-Pohjanmaa";"R00080";"Kuortane";"Kuortane";"000444";"000444"
353;"Lapua";"H00007";"KURIKKA";"301";"Etelä-Pohjanmaa";"R00080";"Kurikka";"Kurikka";"000445";"000445"
354;"Lapua";"H00007";"LAPUA";"408";"Etelä-Pohjanmaa";"R00080";"Lapuan Tuomiokirkko";"Lapuan Tuomiokirkko";"000449";"000449"
355;"Lapua";"H00007";"SEINÄJOKI";"743";"Etelä-Pohjanmaa";"R00080";"Seinäjoki";"Seinäjoki";"000465";"000465"
356;"Lapua";"H00007";"ALAJÄRVI";"5";"Järvi-Pohjanmaa";"R00081";"Alajärvi";"Alajärvi";"000420";"000420"
357;"Lapua";"H00007";"EVIJÄRVI";"52";"Järvi-Pohjanmaa";"R00081";"Evijärvi";"Evijärvi";"000422";"000422"
358;"Lapua";"H00007";"KAUHAVA";"233";"Järvi-Pohjanmaa";"R00081";"Kauhava";"Kauhava";"000436";"000436"
359;"Lapua";"H00007";"LAPPAJÄRVI";"403";"Järvi-Pohjanmaa";"R00081";"Lappajärvi";"Lappajärvi";"000448";"000448"
360;"Lapua";"H00007";"SOINI";"759";"Järvi-Pohjanmaa";"R00081";"Soini";"Soini";"000466";"000466"
361;"Lapua";"H00007";"VIMPELI";"934";"Järvi-Pohjanmaa";"R00081";"Vimpeli";"Vimpeli";"000477";"000477"
362;"Lapua";"H00007";"ÄHTÄRI";"989";"Järvi-Pohjanmaa";"R00081";"Ähtäri";"Ähtäri";"000482";"000482"
363;"Lapua";"H00007";"PEDERSÖRENKUNTA,PIETARSAARI";"599.598";"Järvi-Pohjanmaa";"R00081";"Pietarsaaren suom";"Pedersörenejdens ksamf-Pietarsaarenseudun srky";"000459";"000828"
364;"Lapua";"H00007";"KARSTULA";"226";"Pohjoinen Keski-Suomi";"R00082";"Karstula";"Karstula";"000433";"000433"
365;"Lapua";"H00007";"KINNULA";"256";"Pohjoinen Keski-Suomi";"R00082";"Kinnula";"Kinnula";"000439";"000439"
366;"Lapua";"H00007";"KYYJÄRVI";"312";"Pohjoinen Keski-Suomi";"R00082";"Kyyjärvi";"Kyyjärvi";"000446";"000446"
367;"Lapua";"H00007";"PIHTIPUDAS";"601";"Pohjoinen Keski-Suomi";"R00082";"Pihtipudas";"Pihtipudas";"000461";"000461"
368;"Lapua";"H00007";"KANNONKOSKI,KIVIJÄRVI,SAARIJÄRVI";"216,265,729";"Pohjoinen Keski-Suomi";"R00082";"Saarijärvi";"Saarijärvi";"000464";"000464"
369;"Lapua";"H00007";"VIITASAARI";"931";"Pohjoinen Keski-Suomi";"R00082";"Viitasaari";"Viitasaari";"000475";"000475"
370;"Lapua";"H00007";"ÄÄNEKOSKI";"992";"Pohjoinen Keski-Suomi";"R00082";"Äänekoski";"Äänekoski";"000483";"000483"
371;"Helsinki";"H00008";"HELSINKI";"91";"Helsingin tuomiorvk";"R00068";"Kallio";"Helsingin srky-Helsingfors ksamf";"000616";"000806"
372;"Helsinki";"H00008";"HELSINKI";"91";"Helsingin tuomiorvk";"R00068";"Lauttasaari";"Helsingin srky-Helsingfors ksamf";"000620";"000806"
373;"Helsinki";"H00008";"HELSINKI";"91";"Helsingin tuomiorvk";"R00068";"Paavali";"Helsingin srky-Helsingfors ksamf";"000626";"000806"
374;"Helsinki";"H00008";"HELSINKI";"91";"Helsingin tuomiorvk";"R00068";"Helsingin Tuomiokirkko";"Helsingin srky-Helsingfors ksamf";"000631";"000806"
375;"Helsinki";"H00008";"HELSINKI";"91";"Helsingin tuomiorvk";"R00068";"Töölö";"Helsingin srky-Helsingfors ksamf";"000632";"000806"
376;"Helsinki";"H00008";"HELSINKI";"91";"Helsingin tuomiorvk";"R00068";"Helsingin srky-Helsingfors ksamf";"Helsingin srky-Helsingfors ksamf";"000806";"000806"
377;"Helsinki";"H00008";"HELSINKI";"91";"Huopalahti";"R00070";"Kannelmäki";"Helsingin srky-Helsingfors ksamf";"000617";"000806"
378;"Helsinki";"H00008";"HELSINKI";"91";"Huopalahti";"R00070";"Meilahti";"Helsingin srky-Helsingfors ksamf";"000622";"000806"
379;"Helsinki";"H00008";"HELSINKI";"91";"Huopalahti";"R00070";"Munkkiniemi";"Helsingin srky-Helsingfors ksamf";"000623";"000806"
380;"Helsinki";"H00008";"HELSINKI";"91";"Huopalahti";"R00070";"Pitäjänmäki";"Helsingin srky-Helsingfors ksamf";"000628";"000806"
381;"Helsinki";"H00008";"HELSINKI";"91";"Huopalahti";"R00070";"Haaga";"Helsingin srky-Helsingfors ksamf";"001010";"000806"
382;"Helsinki";"H00008";"HELSINKI";"91";"Malmi";"R00071";"Malmi";"Helsingin srky-Helsingfors ksamf";"000621";"000806"
383;"Helsinki";"H00008";"HELSINKI";"91";"Malmi";"R00071";"Oulunkylä";"Helsingin srky-Helsingfors ksamf";"000625";"000806"
384;"Helsinki";"H00008";"HELSINKI";"91";"Malmi";"R00071";"Pakila";"Helsingin srky-Helsingfors ksamf";"000627";"000806"
385;"Helsinki";"H00008";"HELSINKI";"91";"Vartiokylä";"R00072";"Herttoniemi";"Helsingin srky-Helsingfors ksamf";"000613";"000806"
386;"Helsinki";"H00008";"HELSINKI";"91";"Vartiokylä";"R00072";"Roihuvuori";"Helsingin srky-Helsingfors ksamf";"000629";"000806"
387;"Helsinki";"H00008";"HELSINKI";"91";"Vartiokylä";"R00072";"Vartiokylä";"Helsingin srky-Helsingfors ksamf";"000634";"000806"
388;"Helsinki";"H00008";"HELSINKI";"91";"Vartiokylä";"R00072";"Vuosaari";"Helsingin srky-Helsingfors ksamf";"000635";"000806"
389;"Helsinki";"H00008";"HELSINKI";"91";"Vartiokylä";"R00072";"Helsingin Mikael";"Helsingin srky-Helsingfors ksamf";"000636";"000806"
390;"Helsinki";"H00008";"VANTAA";"92";"Vantaa";"R00073";"Tikkurila";"Vantaan srky-Vanda ksamf";"000008";"000844"
391;"Helsinki";"H00008";"VANTAA";"92";"Vantaa";"R00073";"Korso";"Vantaan srky-Vanda ksamf";"000564";"000844"
392;"Helsinki";"H00008";"VANTAA";"92";"Vantaa";"R00073";"Vantaankoski";"Vantaan srky-Vanda ksamf";"000565";"000844"
393;"Helsinki";"H00008";"VANTAA";"92";"Vantaa";"R00073";"Hämeenkylä";"Vantaan srky-Vanda ksamf";"000582";"000844"
394;"Helsinki";"H00008";"VANTAA";"92";"Vantaa";"R00073";"Rekola";"Vantaan srky-Vanda ksamf";"000583";"000844"
395;"Helsinki";"H00008";"VANTAA";"92";"Vantaa";"R00073";"Hakunila";"Vantaan srky-Vanda ksamf";"000584";"000844"
396;"Helsinki";"H00008";"VANTAA";"92";"Vantaa";"R00073";"Vantaan srky-Vanda ksamf";"Vantaan srky-Vanda ksamf";"000844";"000844"
397;"Helsinki";"H00008";"ASKOLA";"18";"Porvoo";"R00077";"Askola";"Askola";"000002";"000002"
398;"Helsinki";"H00008";"MYRSKYLÄ";"504";"Porvoo";"R00077";"Myrskylä-Mörskom";"Myrskylä-Mörskom";"000018";"000018"
399;"Helsinki";"H00008";"PORNAINEN";"611";"Porvoo";"R00077";"Pornainen";"Pornainen";"000024";"000024"
400;"Helsinki";"H00008";"PUKKILA";"616";"Porvoo";"R00077";"Pukkila";"Pukkila";"000026";"000026"
401;"Helsinki";"H00008";"PORVOO";"638";"Porvoo";"R00077";"Porvoon suom";"Porvoon srky-Borgå ksamf";"000025";"000831"
402;"Helsinki";"H00008";"PORVOO";"638";"Porvoo";"R00077";"Porvoon srky-Borgå ksamf";"Porvoon srky-Borgå ksamf";"000831";"000831"
403;"Helsinki";"H00008";"SIPOO";"753";"Porvoo";"R00077";"Sipoon suom";"Sipoon srky-Sibbo ksamf";"000566";"000835"
404;"Helsinki";"H00008";"SIPOO";"753";"Porvoo";"R00077";"Sipoon srky-Sibbo ksamf";"Sipoon srky-Sibbo ksamf";"000835";"000835"
405;"Helsinki";"H00008";"LAPINJÄRVI";"407";"Porvoo";"R00077";"Lapinjärven suom";"Loviisanseudun srky-Lovisanejdens ksamf";"000015";"004006"
406;"Helsinki";"H00008";"LAPINJÄRVI,LOVIISA";"407.434";"Porvoo";"R00077";"Loviisanseudun srky-Lovisanejdens ksamf";"Loviisanseudun srky-Lovisanejdens ksamf";"004006";"004006"
407;"Helsinki";"H00008";"LOVIISA";"434";"Porvoo";"R00077";"Loviisan suom";"Loviisanseudun srky-Lovisanejdens ksamf";"000017";"004006"
408;"Helsinki";"H00008";"LOVIISA";"434";"Porvoo";"R00077";"Ruotsinpyhtää-Strömfors";"Loviisanseudun srky-Lovisanejdens ksamf";"000331";"004006"
409;"Espoo";"H00009";"ESPOO";"49";"Espoon tuomiorvk";"R00074";"Espoon Tuomiokirkko";"Espoon ev.lut.srky-Esbo ev.luth.ksamf";"000004";"000801"
410;"Espoo";"H00009";"ESPOO";"49";"Espoon tuomiorvk";"R00074";"Leppävaara";"Espoon ev.lut.srky-Esbo ev.luth.ksamf";"000005";"000801"
411;"Espoo";"H00009";"ESPOO";"49";"Espoon tuomiorvk";"R00074";"Espoon ev.lut.srky-Esbo ev.luth.ksamf";"Espoon ev.lut.srky-Esbo ev.luth.ksamf";"000801";"000801"
412;"Espoo";"H00009";"KIRKKONUMMI";"257";"Espoon tuomiorvk";"R00074";"Kirkkonummen suom";"Kirkkonummen srky-Kyrkslätts ksamf";"000014";"000814"
413;"Espoo";"H00009";"KIRKKONUMMI";"257";"Espoon tuomiorvk";"R00074";"Kirkkonummen srky-Kyrkslätts ksamf";"Kirkkonummen srky-Kyrkslätts ksamf";"000814";"000814"
414;"Espoo";"H00009";"KAUNIAINEN";"235";"Espoon tuomiorvk";"R00074";"Kauniaisten suom";"Kauniaisten srky-Grankulla ksamf";"000575";"000846"
415;"Espoo";"H00009";"KAUNIAINEN";"235";"Espoon tuomiorvk";"R00074";"Kauniaisten srky-Grankulla ksamf";"Kauniaisten srky-Grankulla ksamf";"000846";"000846"
416;"Espoo";"H00009";"LOHJA";"444";"Lohja";"R00075";"Lohja";"Lohja";"000016";"000016"
417;"Espoo";"H00009";"KARKKILA";"224";"Lohja";"R00075";"Karkkila";"Karkkila";"000028";"000028"
418;"Espoo";"H00009";"VIHTI";"927";"Lohja";"R00075";"Vihti";"Vihti";"000031";"000031"
419;"Espoo";"H00009";"HANKO";"78";"Lohja";"R00075";"Hangon suom";"Hangö ksamf-Hangon srky";"000007";"000804"
420;"Espoo";"H00009";"SIUNTIO";"755";"Lohja";"R00075";"Siuntion suom";"Siuntion srky-Sjundeå ksamf";"000648";"000866"
421;"Espoo";"H00009";"SIUNTIO";"755";"Lohja";"R00075";"Siuntion srky-Sjundeå ksamf";"Siuntion srky-Sjundeå ksamf";"000866";"000866"
422;"Espoo";"H00009";"RAASEPORI";"710";"Lohja";"R00075";"Raaseporin suom";"Raseborgs ksamf-Raaseporin srky";"001021";"004002"
423;"Espoo";"H00009";"JÄRVENPÄÄ";"186";"Tuusula";"R00076";"Järvenpää";"Järvenpää";"000011";"000011"
424;"Espoo";"H00009";"KERAVA";"245";"Tuusula";"R00076";"Kerava";"Kerava";"000013";"000013"
425;"Espoo";"H00009";"TUUSULA";"858";"Tuusula";"R00076";"Tuusula";"Tuusula";"000030";"000030"
426;"Espoo";"H00009";"HYVINKÄÄ";"106";"Nurmijärvi";"R00078";"Hyvinkää";"Hyvinkää";"000010";"000010"
427;"Espoo";"H00009";"MÄNTSÄLÄ";"505";"Nurmijärvi";"R00078";"Mäntsälä";"Mäntsälä";"000019";"000019"
428;"Espoo";"H00009";"NURMIJÄRVI";"543";"Nurmijärvi";"R00078";"Nurmijärvi";"Nurmijärvi";"000021";"000021"
429;"Espoo";"H00009";"ESPOO";"49";"Tapiola";"R00079";"Tapiola";"Espoon ev.lut.srky-Esbo ev.luth.ksamf";"000006";"000801"
430;"Espoo";"H00009";"ESPOO";"49";"Tapiola";"R00079";"Espoonlahti";"Espoon ev.lut.srky-Esbo ev.luth.ksamf";"000571";"000801"
431;"Espoo";"H00009";"ESPOO";"49";"Tapiola";"R00079";"Olari";"Espoon ev.lut.srky-Esbo ev.luth.ksamf";"000572";"000801"
